<?xml version="1.0" encoding="UTF-8"?>
<project-private xmlns="http://www.netbeans.org/ns/project-private/1">
    <editor-bookmarks xmlns="http://www.netbeans.org/ns/editor-bookmarks/2" lastBookmarkId="0"/>
    <open-files xmlns="http://www.netbeans.org/ns/projectui-open-files/2">
        <group>
            <file>file:/C:/Users/Al%20Carlos%20Vinas/Documents/NetBeansProjects/LibraryManagementSystem/src/ConnectionProv/ConProv.java</file>
            <file>file:/C:/Users/Al%20Carlos%20Vinas/Documents/NetBeansProjects/LibraryManagementSystem/src/addstudent.java</file>
            <file>file:/C:/Users/Al%20Carlos%20Vinas/Documents/NetBeansProjects/LibraryManagementSystem/src/addbook.java</file>
            <file>file:/C:/Users/Al%20Carlos%20Vinas/Documents/NetBeansProjects/LibraryManagementSystem/src/studentlist.java</file>
            <file>file:/C:/Users/Al%20Carlos%20Vinas/Documents/NetBeansProjects/LibraryManagementSystem/src/borrowbook.java</file>
            <file>file:/C:/Users/Al%20Carlos%20Vinas/Documents/NetBeansProjects/LibraryManagementSystem/src/Logs.java</file>
            <file>file:/C:/Users/Al%20Carlos%20Vinas/Documents/NetBeansProjects/LibraryManagementSystem/src/selection.java</file>
            <file>file:/C:/Users/Al%20Carlos%20Vinas/Documents/NetBeansProjects/LibraryManagementSystem/src/returnbook.java</file>
            <file>file:/C:/Users/Al%20Carlos%20Vinas/Documents/NetBeansProjects/LibraryManagementSystem/src/Login.java</file>
            <file>file:/C:/Users/Al%20Carlos%20Vinas/Documents/NetBeansProjects/LibraryManagementSystem/src/client.java</file>
            <file>file:/C:/Users/Al%20Carlos%20Vinas/Documents/NetBeansProjects/LibraryManagementSystem/src/homepage.java</file>
            <file>file:/C:/Users/Al%20Carlos%20Vinas/Documents/NetBeansProjects/LibraryManagementSystem/src/booklist.java</file>
        </group>
    </open-files>
</project-private>
